{"cameraMode":{"drawMode":0,"name":"Shaded","section":"Shading Mode"},"sceneLighting":true,"audioPlay":false,"sceneViewState":{"showFog":true,"showMaterialUpdate":false,"showSkybox":true,"showFlares":true,"showImageEffects":true,"showParticleSystems":true},"in2DMode":false,"pivot":{"x":18.8117618560791,"y":-2.1481077671051027,"z":-0.5450854301452637},"rotation":{"x":0.06640785932540894,"y":0.7966569066047669,"z":-0.0890437588095665,"w":0.5941371321678162},"size":78.32960510253906,"orthographic":false}